INSERT INTO m_location_level (Name, Abbreviation, Created_by, Created_on, Is_delete) VALUES
	('Provinsi', 'Prov.', 1, NOW(), False),
	('Kota', 'Kota', 1, NOW(), False),
	('Kabupaten', 'Kab.', 1, NOW(), False),
	('Kecamatan', 'Kec.', 1, NOW(), False),
	('Kelurahan', 'Kel.', 1, NOW(), False),
	('Desa', 'Desa', 1, NOW(), False);
	
INSERT INTO m_location (name, parent_id, location_level_id, Created_by, Created_on) VALUES
	('Jakarta Selatan', 4, 2, 1, NOW()),
	('Pasar Minggu', 1, 4, 1, NOW()),
	('Kebagusan', 2, 5, 1, NOW()),
	('Jawa Barat', 0, 1, 1, NOW()),
	('DKI Jakarta', 0, 1, 1, NOW());

INSERT INTO m_biodata (Fullname , Mobile_phone, Created_by, Created_on) VALUES
	('Agus Mulyana', '+628989898989', 1, NOW()),
	('Rahma Wati', '+628988989', 1, NOW()),
	('hendi malik', '+62898989', 1, NOW()),
	('hendi hhh', '+62898989', 1, NOW()),
	('hendi','087566363',1,NOW());
	
INSERT INTO m_doctor (biodata_id, str, Created_by, Created_on) VALUES
	('1', 'Gatau isinya apa 1','1', 'NOW()'),
	('2', 'Gatau isinya apa 2','1', 'NOW()'),
	('5', 'Gatau isinya apa 2','1', 'NOW()'),
	('3', 'Gatau isinya apa 3','1', 'NOW()');
	
INSERT INTO m_medical_facility (name, medical_facility_category_id, location_id, full_address, email, phone_code, phone, fax, Created_by, Created_on) VALUES
	('RS Mitra', '1', '1', 'Alamatnya dimana ya', 'rsmitra@gmail.com', '+021', '89787878', '+02189787878', '1', 'NOW()'),
	('RS Persahabatan', '2', '2', 'Alamatnya dimana ya', 'rspersahabata@gmail.com', '+021', '81818181', '+02189787878', '1', 'NOW()');
	
INSERT INTO m_specialization (name, Created_by, Created_on) VALUES
	('Spesialis Anak','1', 'NOW()'),
	('Spesialis Jantung','1', 'NOW()'),
	('Spesialis Penyakit Dalam','1', 'NOW()'),
	('Spesialis Jantung','1', 'NOW()'),
	('Spesialis Kulit','1', 'NOW()'),
	('Umum', '1', 'NOW()');
	
insert into m_customer
(biodata_id,dob,blood_group_id,created_by,created_on) values  
(1,'1999-01-22',1,1,NOW()),
(4,'2000-01-22',2,1,NOW()),
(3,'2001-01-22',2,1,NOW());
	
INSERT INTO t_current_doctor_specialization (doctor_id, specialization_id, Created_by, Created_on) VALUES
	('1', '1', '1', 'NOW()'),
	('2', '1', '1', 'NOW()');
	
INSERT INTO m_doctor_education (doctor_id, education_level_id, institution_name, major, start_year, end_year, is_last_education, Created_by, Created_on) VALUES
	('1', '1', 'Universitas A', 'Kedokteran A', '2014', '2020', 'true', '1', 'NOW()'),
	('2', '2', 'Universitas B', 'Kedokteran B', '2013', '2019', 'true', '1', 'NOW()'),
	('3', '1', 'Universitas A', 'Kedokteran A', '1995', '2002', 'true', '1', 'NOW()');

INSERT INTO t_doctor_office (doctor_id, medical_facility_id, Created_by, Created_on, Deleted_By, Deleted_on) VALUES
	('1', '1', '1', '2002-03-07 13:28:50',2,'2015-03-07 13:28:50'),
	('3', '1', '1', '2016-03-07 13:28:50',2,'2021-03-07 13:28:50');

INSERT INTO t_doctor_office (doctor_id, medical_facility_id, Created_by, Created_on) VALUES
	('1', '2', '1', '2018-03-07 13:28:50'),
	('2', '2', '1', '2019-03-07 13:28:50'),
	('3', '1', '1', '2021-03-07 13:28:50');
	
INSERT INTO t_doctor_office_treatment (doctor_treatment_id, doctor_office_id, Created_by, Created_on) VALUES
	('1', '1', 1, 'NOW()'),
	('2', '2', 1, 'NOW()'),
	('3', '3', 1, 'NOW()'),
	('4', '4', 1, 'NOW()'),
	('1', '5', 1, 'NOW()');

INSERT INTO t_doctor_treatment (doctor_id, name, Created_by, Created_on) VALUES
	('1', 'Medical Checkup', 1, 'NOW()'),
	('1', 'Medical Checkup', 1, 'NOW()'),
	('2', 'Medical Checkup', 1, 'NOW()'),
	('2', 'Resep dokter', 1, 'NOW()');
	
INSERT INTO m_bank (name,va_code,created_by,created_on)
values
('mandiri','1','1',now()),
('bca','2','1',now());

insert into m_role(name,code,created_by,created_on,deleted_by,modified_by)
values
('Admin','Admin_Role','1',now(),0,0),
('Dokter','Dokter_Role','1',now(),0,0),
('Pasien','Pasien_Role','1',now(),0,0),
('Faskes','Faskes_Role','1',now(),0,0),
('umum','Umum_Role','1',now(),0,0);

insert into m_user
(biodata_id,role_id,email,password,login_attempt,created_by,created_on)
values
(1,1,'stevenalbertus80@gmail.com','123456',0,'1',now()),
(2,2,'stevenalbertus81@gmail.com','123456',0,'1',now()),
(5,2,'hendi2@gmail.com','123456',0,'1',now()),
(3,3,'hendih016@gmail.com','08Oktober!',0,'1',now()),
(4,2,'hendi16@gmail.com','1234',0,'1',now()),
(4,3,'hendi@gmail.com','1234',0,'1',now());

insert into m_menu(name,url,parent_id,create_by,create_on,delete_by,modified_by) values
('User Management','/usermanagement',1,1,now(),0,0), 
('Hak Akses','/hakakses',1,1,now(),0,0),
('Menu Management','/aturhakakses',1,1,now(),0,0),
('Profile Dokter','/profiledokter',2,1,now(),0,0),
('Golongan Darah','/blood',1,1,now(),0,0),
('Hubungan','/hubungan',1,1,now(),0,0),
('bank','/bank',1,1,now(),0,0), 
('Lokasi','/lokasi',1,1,now(),0,0),
('Lokasi Level','/lokasilevel',1,1,now(),0,0),
('Cari Dokter','/caridokter',2,1,now(),0,0),
('Cari Obat','/cariobat',2,1,now(),0,0),
('Buat Janji','/buatjanji',2,1,now(),0,0),
('profile user','/profile',2,1,now(),0,0);

insert into m_menu_role(menu_id,role_id,create_by,create_on,delete_by,modified_by) values
(1,1,1,now(),0,0),
(2,1,1,now(),0,0),
(3,1,1,now(),0,0), 
(13,3,1,now(),0,0),
(10,3,1,now(),0,0),
(11,3,1,now(),0,0),
(13,3,1,now(),0,0),
(10,5,1,now(),0,0),
(11,5,1,now(),0,0),
(12,5,1,now(),0,0), 
(5,1,1,now(),0,0),
(6,1,1,now(),0,0),
(7,1,1,now(),0,0),
(8,1,1,now(),0,0),
(9,1,1,now(),0,0), 
(4,2,1,now(),0,0);


insert into m_biodata_address 
(biodata_id,label,recipient,recipient_phone_number,location_id,postal_code,address,created_by,created_on,modified_by,deleted_by)
values 
(1,'Rumah1','Juliantoroo','081284478711',2,'46578','Jl.Anyer Panarukan',1,now(),0,0),
(2,'Rumah2','Juliantorow','081284478712',3,'46578','Jl.Anyer Panarukan',2,now(),0,0),
(2,'rumahh','henday','081284478712',3,'46578','Jl.pangalengan',2,now(),0,0),
(3,'Rumah3','Juliantoroq','081284478713',4,'46578','Jl.Anyer Panarukan',3,now(),0,0),
(3,'Rumah4','Juliantoroe','081284478713',4,'46578','Jl.Anyer Panarukan',3,now(),0,0),
(4,'Rumah5','Juliantorot','081284478713',4,'46578','Jl.Anyer Panarukan',4,now(),0,0);